{"eval_loss": 0.4122608006000519, "eval_model_preparation_time": 0.0015, "eval_accuracy": 0.8737785220146179, "eval_runtime": 7.7914, "eval_samples_per_second": 1260.873, "eval_steps_per_second": 5.006}