{"eval_loss": 1.8175535202026367, "eval_accuracy": 0.42406249046325684, "eval_runtime": 2.4958, "eval_samples_per_second": 1282.138, "eval_steps_per_second": 5.209, "epoch": 5.0}