{"eval_loss": 1.812900424003601, "eval_model_preparation_time": 0.0, "eval_accuracy": 0.45375001430511475, "eval_runtime": 2.5729, "eval_samples_per_second": 1243.719, "eval_steps_per_second": 5.053}