{"eval_loss": 1.9504934549331665, "eval_model_preparation_time": 0.004, "eval_accuracy": 0.44718751311302185, "eval_runtime": 2.7086, "eval_samples_per_second": 1181.412, "eval_steps_per_second": 4.799}