{"eval_loss": 0.4001379907131195, "eval_model_preparation_time": 0.0025, "eval_accuracy": 0.8719462752342224, "eval_runtime": 7.5225, "eval_samples_per_second": 1305.95, "eval_steps_per_second": 5.184}