{"eval_loss": 1.7313129901885986, "eval_accuracy": 0.3643749952316284, "eval_runtime": 2.4731, "eval_samples_per_second": 1293.933, "eval_steps_per_second": 5.257, "epoch": 5.0}