{"eval_loss": 2.3835697174072266, "eval_accuracy": 0.3696874976158142, "eval_runtime": 2.5153, "eval_samples_per_second": 1272.199, "eval_steps_per_second": 5.168, "epoch": 5.0}