{"eval_loss": 1.700276494026184, "eval_model_preparation_time": 0.002, "eval_accuracy": 0.3696874976158142, "eval_runtime": 2.5791, "eval_samples_per_second": 1240.73, "eval_steps_per_second": 5.04}