{"eval_loss": 5.885903835296631, "eval_accuracy": 0.36937499046325684, "eval_runtime": 2.4635, "eval_samples_per_second": 1298.953, "eval_steps_per_second": 5.277, "epoch": 5.0}