{"eval_loss": 0.5394459962844849, "eval_model_preparation_time": 0.0, "eval_accuracy": 0.8442589640617371, "eval_runtime": 7.5981, "eval_samples_per_second": 1292.96, "eval_steps_per_second": 5.133}