{"eval_loss": 1.7330249547958374, "eval_accuracy": 0.4546875059604645, "eval_runtime": 2.6386, "eval_samples_per_second": 1212.753, "eval_steps_per_second": 4.927, "epoch": 5.0}