{"eval_loss": 4.95916748046875, "eval_accuracy": 0.4284375011920929, "eval_runtime": 2.4854, "eval_samples_per_second": 1287.524, "eval_steps_per_second": 5.231, "epoch": 10.0}