{"eval_loss": 1.8696486949920654, "eval_accuracy": 0.43156251311302185, "eval_runtime": 2.4902, "eval_samples_per_second": 1285.025, "eval_steps_per_second": 5.22, "epoch": 5.0}