{"eval_loss": 0.3938155174255371, "eval_model_preparation_time": 0.002, "eval_accuracy": 0.8736767172813416, "eval_runtime": 7.6282, "eval_samples_per_second": 1287.854, "eval_steps_per_second": 5.113}