{"eval_loss": 3.096726417541504, "eval_accuracy": 0.4403125047683716, "eval_runtime": 4.0949, "eval_samples_per_second": 781.455, "eval_steps_per_second": 3.175, "epoch": 5.0}