{"eval_loss": 0.4078357219696045, "eval_accuracy": 0.8901669383049011, "eval_runtime": 14.2999, "eval_samples_per_second": 686.998, "eval_steps_per_second": 85.875, "epoch": 3.0}