{"eval_loss": 1.7718194723129272, "eval_model_preparation_time": 0.0, "eval_accuracy": 0.36531248688697815, "eval_runtime": 2.7669, "eval_samples_per_second": 1156.512, "eval_steps_per_second": 4.698}