{"eval_loss": 6.177393913269043, "eval_accuracy": 0.4221875071525574, "eval_runtime": 2.49, "eval_samples_per_second": 1285.133, "eval_steps_per_second": 5.221, "epoch": 5.0}