{"eval_loss": 1.7909740209579468, "eval_model_preparation_time": 0.002, "eval_accuracy": 0.36406248807907104, "eval_runtime": 2.6943, "eval_samples_per_second": 1187.703, "eval_steps_per_second": 4.825}