{"eval_loss": 1.7909737825393677, "eval_accuracy": 0.36406248807907104, "eval_runtime": 4.4844, "eval_samples_per_second": 713.583, "eval_steps_per_second": 89.198, "epoch": 5.0}