{"eval_loss": 1.2655248641967773, "eval_model_preparation_time": 0.0, "eval_accuracy": 0.6072883009910583, "eval_runtime": 7.5341, "eval_samples_per_second": 1303.942, "eval_steps_per_second": 5.176}