{"eval_loss": 3.6288280487060547, "eval_accuracy": 0.4415625035762787, "eval_runtime": 2.6055, "eval_samples_per_second": 1228.154, "eval_steps_per_second": 4.989, "epoch": 5.0}