{"eval_loss": 3.8554863929748535, "eval_accuracy": 0.44718751311302185, "eval_runtime": 2.535, "eval_samples_per_second": 1262.306, "eval_steps_per_second": 5.128, "epoch": 5.0}