{"eval_loss": 6.463579177856445, "eval_accuracy": 0.4034374952316284, "eval_runtime": 2.6633, "eval_samples_per_second": 1201.509, "eval_steps_per_second": 4.881, "epoch": 5.0}