{"eval_loss": 1.8362231254577637, "eval_accuracy": 0.4637500047683716, "eval_runtime": 2.5769, "eval_samples_per_second": 1241.797, "eval_steps_per_second": 5.045, "epoch": 5.0}