{"eval_loss": 5.267045974731445, "eval_accuracy": 0.4415625035762787, "eval_runtime": 2.596, "eval_samples_per_second": 1232.667, "eval_steps_per_second": 5.008, "epoch": 10.0}