{"eval_loss": 1.6229737997055054, "eval_model_preparation_time": 0.0035, "eval_accuracy": 0.37312498688697815, "eval_runtime": 2.7155, "eval_samples_per_second": 1178.416, "eval_steps_per_second": 4.787}