{"eval_loss": 0.49924352765083313, "eval_model_preparation_time": 0.0, "eval_accuracy": 0.8435463905334473, "eval_runtime": 7.5633, "eval_samples_per_second": 1298.902, "eval_steps_per_second": 5.156}