{"eval_loss": 1.6966907978057861, "eval_accuracy": 0.36281248927116394, "eval_runtime": 2.4341, "eval_samples_per_second": 1314.66, "eval_steps_per_second": 5.341, "epoch": 5.0}