{"eval_loss": 2.199873685836792, "eval_model_preparation_time": 0.0, "eval_accuracy": 0.32093751430511475, "eval_runtime": 4.5625, "eval_samples_per_second": 701.366, "eval_steps_per_second": 87.671}