{"eval_loss": 2.25846004486084, "eval_model_preparation_time": 0.0, "eval_accuracy": 0.3149999976158142, "eval_runtime": 4.4903, "eval_samples_per_second": 712.644, "eval_steps_per_second": 89.081}