{"eval_loss": 2.4466190338134766, "eval_model_preparation_time": 0.005, "eval_accuracy": 0.3071874976158142, "eval_runtime": 4.4682, "eval_samples_per_second": 716.174, "eval_steps_per_second": 89.522}