{"eval_loss": 3.1029796600341797, "eval_accuracy": 0.4025000035762787, "eval_runtime": 2.6583, "eval_samples_per_second": 1203.782, "eval_steps_per_second": 4.89, "epoch": 5.0}