{"eval_loss": 1.6617852449417114, "eval_model_preparation_time": 0.003, "eval_accuracy": 0.37718749046325684, "eval_runtime": 2.612, "eval_samples_per_second": 1225.127, "eval_steps_per_second": 4.977}