{"eval_loss": 1.812900424003601, "eval_accuracy": 0.45375001430511475, "eval_runtime": 2.4737, "eval_samples_per_second": 1293.615, "eval_steps_per_second": 5.255, "epoch": 5.0}