{"eval_loss": 0.5648780465126038, "eval_model_preparation_time": 0.0, "eval_accuracy": 0.8385586142539978, "eval_runtime": 7.7098, "eval_samples_per_second": 1274.227, "eval_steps_per_second": 5.059}