{"eval_loss": 1.5956411361694336, "eval_model_preparation_time": 0.0156, "eval_accuracy": 0.4403125047683716, "eval_runtime": 2.5579, "eval_samples_per_second": 1251.034, "eval_steps_per_second": 5.082}