{"eval_loss": 3.487980604171753, "eval_accuracy": 0.37312498688697815, "eval_runtime": 2.4238, "eval_samples_per_second": 1320.224, "eval_steps_per_second": 5.363, "epoch": 5.0}