{"eval_loss": 1.8343071937561035, "eval_model_preparation_time": 0.0, "eval_accuracy": 0.4546875059604645, "eval_runtime": 2.7067, "eval_samples_per_second": 1182.257, "eval_steps_per_second": 4.803}