{"eval_loss": 2.7789230346679688, "eval_accuracy": 0.37718749046325684, "eval_runtime": 2.5043, "eval_samples_per_second": 1277.814, "eval_steps_per_second": 5.191, "epoch": 5.0}