{"eval_loss": 0.3106878697872162, "eval_model_preparation_time": 0.0, "eval_accuracy": 0.8924063444137573, "eval_runtime": 8.0088, "eval_samples_per_second": 1226.647, "eval_steps_per_second": 4.87}