{"eval_loss": 0.3106878697872162, "eval_accuracy": 0.8924063444137573, "eval_runtime": 7.7059, "eval_samples_per_second": 1274.872, "eval_steps_per_second": 5.061, "epoch": 3.0}