{"eval_loss": 3.4327232837677, "eval_accuracy": 0.4090625047683716, "eval_runtime": 2.7309, "eval_samples_per_second": 1171.789, "eval_steps_per_second": 4.76, "epoch": 5.0}