{"eval_loss": 1.7881664037704468, "eval_accuracy": 0.4103125035762787, "eval_runtime": 2.5174, "eval_samples_per_second": 1271.153, "eval_steps_per_second": 5.164, "epoch": 5.0}