{"eval_loss": 1.8362231254577637, "eval_model_preparation_time": 0.0, "eval_accuracy": 0.4637500047683716, "eval_runtime": 2.6819, "eval_samples_per_second": 1193.195, "eval_steps_per_second": 4.847}