{"eval_loss": 0.39434343576431274, "eval_model_preparation_time": 0.0021, "eval_accuracy": 0.8726587891578674, "eval_runtime": 7.5788, "eval_samples_per_second": 1296.254, "eval_steps_per_second": 5.146}